text,label
Le règlement des études a-t-il changé cette année concernant le nombre de redoublements autorisés sur un même diplôme ?,Scolarité
"Bonjour, je constate que le nom de mon entreprise est mal orthographié sur ma convention de stage officielle.",Stages et alternance
"Je change d'adresse postale, faut-il que je le signale à la scolarité pour la mise à jour de mon dossier administratif ?",Scolarité
La bibliothèque propose-t-elle un service de prêt entre bibliothèques pour un ouvrage indisponible sur place ?,Bibliothèque
Ma demande de dérogation horaire pour raisons professionnelles a-t-elle été traitée par la commission pédagogique ?,Scolarité
BDE c'est quand la prochaine soirée ?,Vie étudiante
"Comment participer aux journées d'intégration pour les étudiants qui arrivent en cours d'année, genre en M1 ?",Vie étudiante
"svp c ou exactement la salle de revues et journaux, jai jamais reussi a la trouver dans le batiment",Bibliothèque
"svp jai perdu ma carte etudiante en soirée, ya moyen d'en avoir une nouvelle rapidement pour pouvoir manger au resto U",Vie étudiante
"Bonjour, le BDE organise-t-il un événement d'intégration pour les nouveaux arrivants ce semestre ?",Vie étudiante
"Le site de la fac est inaccessible depuis ce matin, écran blanc à chaque tentative de connexion.",Informatique
"Bonjour, y a-t-il moyen d'emprunter un ordinateur portable auprès du service informatique pour la durée du semestre ?",Informatique
"Bonjour, je n'ai toujours pas reçu de réponse pour ma demande de chambre CROUS déposée en juin.",Logement
"jai un livre emprunté qui a disparu de mon compte alors que je l'ai toujours chez moi, bug d'affichage je pense",Bibliothèque
"Comment intégrer l'équipe de communication du BDE, j'aimerais aider sur les réseaux sociaux et les affiches.",Vie étudiante
"svp jai reçu un message d'erreur bizarre en anglais en voulant me connecter, ca dit un truc genre account locked",Informatique
"jai des doutes sur la conformité de ma mission de stage par rapport a ce qui est prevu dans la convention, qui contacter ?",Stages et alternance
"Pourriez-vous préciser la différence entre inscription administrative et inscription pédagogique, je ne comprends pas bien à quoi correspond chaque étape.",Scolarité
"Pourriez-vous m'envoyer l'emploi du temps de la promo en PDF, je n'arrive pas à l'ouvrir depuis mon téléphone ?",Scolarité
"koi faire si on veut organiser un tournoi entre plusieurs asso, faut demander l'autorisation a chacune separement ?",Vie étudiante
jai essayé sur 3 navigateurs differents et le site des inscriptions plante a chaque fois pareil,Informatique
"koi de neuf sur ma reclamation concernant le montant de ma bourse, envoyee il y a plus de trois semaines",Finances et bourses
"Bonjour, la connexion wifi coupe toutes les 5 minutes dans la bibliothèque, est-ce un problème connu ?",Informatique
"Bonjour, le vidéoprojecteur de l'amphi A ne s'allume plus, le cours de ce matin a dû se faire sans support visuel.",Informatique
"Ma demande de logement en résidence universitaire a-t-elle été acceptée, je n'ai reçu aucune réponse depuis trois semaines.",Logement
"koi de neuf sur ma suggestion d'achat envoyee il y a deux semaines, ca a été pris en compte ou pas encore ?",Bibliothèque
"Je voudrais candidater pour représenter les étudiants de ma promo au conseil d'administration, à qui dois-je m'adresser ?",Vie étudiante
"Je souhaite m'investir dans le bureau des étudiants, comment se passent les candidatures en général ?",Vie étudiante
Comment demander une formation à la recherche documentaire pour bien préparer son mémoire de fin d'études ?,Bibliothèque
"Comment déclarer une période de télétravail complet pendant mon stage, la convention ne prévoit rien à ce sujet.",Stages et alternance
"jai un partiel reporté a cause de la greve, personne ne sait me dire la nouvelle date, vous pouvez checker ?",Scolarité
"Bonjour, je souhaite signaler qu'un exemplaire de la section informatique est très abîmé, presque illisible.",Bibliothèque
Comment valider mon stage auprès du jury si mon maître de stage part en congé juste avant ma soutenance ?,Stages et alternance
"Bonjour, je constate que mes fichiers déposés hier soir sur la plateforme de rendu ont disparu ce matin, panique totale avant l'échéance.",Informatique
"Je n'arrive pas à installer MATLAB avec la licence étudiante, le fichier téléchargé refuse de s'exécuter.",Informatique
"svp c'est ou qu'on recupere le pass sport étudiant cette année, meme service que la carte normale ?",Vie étudiante
"Bonjour, je souhaite savoir si les associations peuvent organiser des événements payants et reverser les bénéfices à une cause.",Vie étudiante
"svp c'est quoi la difference entre le bde et le bureau des sports, on dirait que ca se recoupe un peu",Vie étudiante
Mon adresse mail étudiante a-t-elle une date d'expiration après la fin de mes études ?,Informatique
"Bonjour, je vous contacte à propos d'une situation délicate avec mon entreprise d'accueil : depuis le début de mon stage il y a six semaines, les missions confiées n'ont rien à voir avec ce qui était décrit dans la convention initiale, je passe le plus clair de mon temps sur des tâches très administratives sans lien avec ma formation. J'aimerais savoir comment signaler cela sans pour autant compromettre la validation de mon stage, et si un échange à trois avec mon tuteur pédagogique est envisageable rapidement.",Stages et alternance
"Bjr, il manque le cours de traitement du langage dans mon emploi du temps du jeudi, vous pouvez vérifier ?",Scolarité
Comment demander l'ouverture d'un port réseau spécifique pour un projet nécessitant un serveur local en salle informatique ?,Informatique
Est-ce que le stage de fin d'études peut être effectué dans une association ou uniquement en entreprise privée ?,Stages et alternance
Les salles de la bibliothèque sont-elles accessibles le week-end ou seulement en semaine ?,Bibliothèque
jai jamais reçu mes identifiants de connexion malgré mon inscription qui date de 3 semaines,Informatique
"Bonjour, la bibliothèque dispose-t-elle d'un fonds spécifique pour les concours ou les préparations aux certifications ?",Bibliothèque
Salle groupe dispo cet aprem ?,Bibliothèque
Comment demander un dégrèvement des frais de scolarité pour un étudiant en situation de handicap ?,Finances et bourses
Compensation validée ou pas pour moi ?,Scolarité
"svp le microphone de mon ordi capte plus rien pendant les cours en visio, c'est cote logiciel ou materiel a votre avis",Informatique
koi faire si le montant de ma bourse ne correspond pas du tout a ce qui est indique sur mon avis conditionnel,Finances et bourses
"Relevé de notes en anglais, possible ?",Scolarité
Convention stage toujours pas signée,Stages et alternance
Comment obtenir un remboursement de la cotisation à une association que je n'ai finalement pas rejointe ?,Vie étudiante
Comment demander le remboursement des frais de scolarité en cas d'abandon des études en cours d'année ?,Finances et bourses
Gratification stage pas versée ce mois,Stages et alternance
Pourquoi le nombre d'heures affiché dans mon relevé d'assiduité ne correspond pas à ce que j'ai réellement suivi ce mois-ci ?,Scolarité
koi de neuf sur le remboursement du livre perdu que j'ai declaré il y a un mois,Bibliothèque
"Il y a une note manquante sur mon bulletin (l'UE d'anglais), pouvez-vous la faire ajouter ?",Scolarité
"Bonjour, dans le cadre de la rédaction de mon mémoire, je recherche plusieurs ouvrages assez spécifiques sur l'histoire des politiques publiques du numérique en France, mais le catalogue en ligne ne me renvoie que des résultats très partiels et parfois hors sujet. Serait-il possible d'obtenir un rendez-vous avec un documentaliste pour m'aider à affiner ma recherche, ou existe-t-il une base de données spécialisée à laquelle la bibliothèque serait abonnée et que je ne connaîtrais pas encore ?",Bibliothèque
"Je voudrais participer à l'organisation de la semaine culturelle, comment rejoindre le comité d'organisation ?",Vie étudiante
"Bonjour, je prépare actuellement mon dossier de candidature pour un échange universitaire l'an prochain et je m'interroge sur plusieurs points à la fois : le niveau de langue exigé par les universités partenaires que je vise, la possibilité de conserver ma bourse sur critères sociaux pendant toute la durée de la mobilité, et enfin les délais réalistes pour obtenir un logement sur place avant le début des cours. Existe-t-il un document récapitulatif ou une personne référente qui pourrait m'aider à y voir plus clair sur l'ensemble de ces aspects ?",International
"Bonjour, je suis élu étudiant depuis le début de l'année et je constate que plusieurs de mes camarades ne sont pas informés de l'existence de ce mandat ni de son rôle exact au sein du conseil de la formation. Serait-il possible d'organiser une communication plus large en début d'année prochaine pour expliquer aux nouveaux étudiants comment fonctionne la représentation étudiante, et comment ils peuvent eux-mêmes se présenter aux élections suivantes ?",Vie étudiante
Comment réinitialiser mon mot de passe étudiant si je n'ai plus accès à l'adresse mail de récupération ?,Informatique
"Bonjour, existe-t-il un moyen d'être notifié par mail quand un livre réservé redevient disponible ?",Bibliothèque
"svp ma gratification de stage tombe quand normalement, la j'ai zero visibilité sur les dates de versement",Stages et alternance
"svp comment recuperer ma carte étudiante multiservices, jai jamais reçu de notification pour venir la chercher",Vie étudiante
y'a un moyen de récupérer une ancienne convocation d'examen que j'ai perdue ou il faut en refaire la demande complète,Scolarité
"Bonjour, la connexion internet de ma résidence universitaire ne fonctionne plus depuis hier soir.",Logement
Comment demander une extension de prêt exceptionnelle pour un ouvrage nécessaire à la rédaction de mon mémoire ?,Bibliothèque
svp quelles aides existent pour financer un logement etudiant en dehors de la bourse classique,Logement
"Bonjour, existe-t-il un accompagnement pour préparer les entretiens de recherche de stage, genre simulation d'entretien ?",Stages et alternance
jai besoin d'installer R studio pour le cours de stats mais ca demande des droits admin que jai pas sur le pc de la salle,Informatique
"jai paye mes frais d'inscription deux fois par erreur, comment je me fais rembourser le trop percu ?",Finances et bourses
"svp comment demander un accès gratuit a github student pack, jai vu que ça existait mais jsais pas ou postuler",Informatique
"Bonjour, je n'ai pas reçu mon avis conditionnel de bourse du CROUS, est-ce normal à cette période de l'année ?",Finances et bourses
"Le mot de passe généré automatiquement pour mon nouveau compte contient un caractère que mon clavier ne permet pas de taper, un comble.",Informatique
"Bonjour, notre association aimerait organiser un événement en extérieur, quelles autorisations sont nécessaires côté sécurité ?",Vie étudiante
"Ma carte étudiante ne passe plus au niveau des bornes de la cafétéria depuis cette semaine, un bug ou ma carte est morte ?",Vie étudiante
La date de la cérémonie de remise des diplômes a-t-elle été fixée pour cette promotion ?,Scolarité
jaimerai savoir si la bibliotheque a un partenariat avec d'autres etablissements pour elargir l'offre de livres dispo,Bibliothèque
"Bonjour, à qui puis-je m'adresser pour discuter d'un aménagement d'études en raison d'une activité sportive de haut niveau ?",Scolarité
svp comment on fait pour avoir le certificat de scolarité en anglais pour mon visa,Scolarité
"j'ai eu 9,8 de moyenne generale alors que individuellement toutes mes notes sont au dessus de 10, bizarre non ?",Scolarité
"Comment récupérer un fichier que j'ai supprimé par erreur de mon espace de stockage étudiant, existe-t-il une corbeille ?",Informatique
j'ai deux td en meme temps le mardi matin c'est impossible d'être aux deux,Scolarité
"Bonjour, comment déposer un dossier pour une chambre en résidence CROUS pour la rentrée prochaine ?",Logement
jai un entretien pour une alternance la semaine prochaine mais je sais pas si le rythme proposé colle avec mon emploi du temps,Stages et alternance
"Bonjour, mon contrat d'apprentissage a changé de dates, cela impacte-t-il mon statut d'inscription pédagogique cette année ?",Scolarité
"Bonjour, dois-je repasser l'intégralité d'une UE ou seulement l'épreuve manquante en cas d'absence justifiée à un examen partiel ?",Scolarité
"Je cherche à rejoindre le club de robotique, avez-vous un contact ou une adresse mail pour les responsables ?",Vie étudiante
"Bonjour, pourriez-vous m'envoyer un modèle vierge de rapport de stage, je ne trouve que d'anciennes versions périmées.",Stages et alternance
svp existe il une liste d'entreprises qui recrutent régulièrement des alternants dans notre filière ?,Stages et alternance
"Bonjour, je souhaite signaler une erreur sur mon diplôme provisoire : ma date de naissance est incorrecte.",Scolarité
"Bonjour, comment se passe concrètement la seconde session pour les étudiants ayant validé leur année en première session, dois-je quand même m'inscrire ?",Scolarité
"jss censé être inscrit en alternance mais sur mon espace ça affiche formation initiale, pouvez vous corriger",Scolarité
"Bonjour, aucune des imprimantes du rez-de-chaussée ne fonctionne, tout le monde se rabat sur celle du premier étage.",Informatique
Est-ce que l'attestation de scolarité téléchargeable sur l'ENT est valable pour la CAF ou faut-il un document spécifique ?,Scolarité
on peut échanger de groupe de tp entre étudiants ou il faut forcément passer par le secrétariat ?,Scolarité
svp la bibliotheque prete aussi des liseuses ou juste des livres papier classiques ?,Bibliothèque
"svp jai une amende de retard depuis un moment, comment je la regle exactement, en ligne ou sur place ?",Bibliothèque
"svp jai un voisin de palier tres bruyant en residence, qui je dois contacter pour signaler ca ?",Logement
Je souhaite savoir si un local est disponible pour stocker le matériel de notre association pendant les vacances.,Vie étudiante
"Ma boîte mail étudiante refuse les pièces jointes de plus de 10 Mo, existe-t-il une alternative pour envoyer un gros fichier ?",Informatique
"svp comment on fait pour avoir plusieurs écrans branchés sur les pc de la salle projet, actuellement ça ne fonctionne qu'avec un seul",Informatique
"svp jarrive pas a télécharger les supports de cours en pdf depuis la plateforme, ça tourne en boucle sans jamais charger",Informatique
"svp comment recuperer ma caution apres avoir quitté la residence, ca prend combien de temps en general",Logement
Caution toujours pas remboursée,Logement
Toujours pas de tuteur attribué,Stages et alternance
"Bonjour, pourriez-vous m'indiquer la procédure pour signaler un ordinateur défectueux en salle informatique 3 ?",Informatique
"J'ai perdu l'accès à mon compte GitHub étudiant, comment le récupérer pour continuer mon projet de groupe ?",Informatique
"jai un souci de visa pour mon stage a l'etranger, ca depend du service stage ou du service international pour ce genre de question ?",Stages et alternance
"Comment obtenir un accès prolongé à la bibliothèque en période d'examens, genre ouverture nocturne exceptionnelle ?",Bibliothèque
Pourriez-vous m'indiquer la procédure pour m'inscrire en tant qu'étudiant en réorientation ? Je change de filière ce semestre.,Scolarité
"Mot de passe oublié, reset possible ?",Informatique
koi de neuf sur ma demande d'acces aux archives special que jai envoyée la semaine derniere,Bibliothèque
koi faire si l'entreprise ne respecte pas les horaires prevus initialement dans la convention de stage,Stages et alternance
"Bonjour, notre asso souhaite vendre des t-shirts pour financer un projet, faut-il une autorisation spécifique de l'université ?",Vie étudiante
"Bonjour, existe-t-il une procédure d'appel si je ne suis pas satisfait de la décision du jury concernant ma compensation ?",Scolarité
svp les casiers de la bibli sont gratuits ou faut payer une caution pour en avoir un ?,Bibliothèque
"Bonjour, je cherche activement un stage en développement web pour le semestre prochain, avez-vous des offres à me transmettre ?",Stages et alternance
"Compte ENT bloqué, débloquer svp",Informatique
"Pourriez-vous vérifier si mon adresse mail étudiante a bien été créée, je ne l'ai reçue par aucun canal depuis mon inscription.",Informatique
"jcherche un logement etudiant proche du campus, vous auriez des annonces fiables a me conseiller ?",Logement
"Bonjour, comment puis-je faire modifier une erreur d'orthographe sur mon nom qui apparaît sur mon diplôme définitif ?",Scolarité
"Puis-je emprunter plus de livres en même temps maintenant que je suis en master, ou la limite reste la même ?",Bibliothèque
"koi de neuf sur la date limite de depot du rapport de stage, jai vu deux dates differentes sur le site",Stages et alternance
"Pourriez-vous m'indiquer les modalités exactes de la soutenance de fin d'année : durée, composition du jury, support attendu ?",Scolarité
"Puis-je cumuler une bourse sur critères sociaux avec un contrat d'alternance rémunéré, ou c'est incompatible ?",Finances et bourses
"Bonjour, mon professeur référent a changé en cours d'année sans que j'en sois informé, qui est mon nouveau contact désormais ?",Scolarité
Comment obtenir une attestation de logement pour ma demande d'aide au logement de la CAF ?,Logement
svp mon inscription en 2e session pour l'UE d'anglais elle a bien été enregistrée ? g un doute,Scolarité
besoin d'une attestation avec le nombre d'heures de formation suivies cette année pour mon dossier CPF,Scolarité
Comment se déroule concrètement l'accompagnement administratif pour un étudiant qui part faire un stage à l'étranger ?,International
"Bjr voila mon souci : mon nom est mal orthographié sur tous mes documents officiels (accent manquant), comment corriger ça une bonne fois pour toutes",Scolarité
"Comment scanner un document depuis les photocopieurs du campus, je ne trouve pas l'option sur l'écran tactile.",Informatique
"Comment fonctionne l'attribution des chambres CROUS, c'est basé uniquement sur les revenus ou aussi sur la distance domicile-campus ?",Logement
"Bonjour, un enseignant m'a annoncé oralement ma note d'examen mais elle n'apparaît toujours pas sur le portail plusieurs jours après.",Scolarité
"svp quelles equivalences de credits ects pour un semestre passe a l'etranger, ca depend de l'universite d'accueil ?",International
koi faire si mon dossier de bourse est incomplet mais que je sais pas quelle piece il manque exactement,Finances et bourses
"quel logiciel gratuit vous conseillez pour remplacer matlab, jai pas de licence perso",Informatique
"svp mon stage se termine un vendredi et la soutenance est prevue le lundi suivant, c'est pas un peu juste niveau delai ?",Stages et alternance
"koi de neuf sur le remboursement des frais de transport lié a mon stage, jai envoyé les justificatifs il y a 3 semaines",Stages et alternance
"Bonjour, le BDE propose-t-il des réductions ou partenariats avec des commerces autour du campus cette année ?",Vie étudiante
Comment obtenir une lettre de recommandation officielle de l'université en complément de celle de mon entreprise de stage ?,Stages et alternance
"koi de neuf sur le remboursement de la caution que javais versée l'an dernier, toujours rien recu",Finances et bourses
Comment obtenir une avance sur bourse en cas de difficulté financière urgente avant le prochain versement ?,Finances et bourses
Le délai de réclamation pour une erreur de notes est-il encore ouvert pour la session de janvier ou est-ce trop tard maintenant ?,Scolarité
"Ma moyenne générale est en dessous de la barre mais certaines UE sont validées, comment fonctionne le calcul de la compensation dans ce cas ?",Scolarité
Wifi mort dans tout le bâtiment C,Informatique
Comment demander l'acquisition d'un ouvrage précis que la bibliothèque ne possède pas encore dans son fonds ?,Bibliothèque
"Bonjour, je rencontre une erreur bizarre en essayant de m'inscrire aux examens sur le portail, un message de code erreur inconnu apparait.",Informatique
"Bonjour, je souhaite signaler un désaccord avec mon tuteur entreprise concernant l'évaluation de mon travail, comment procéder ?",Stages et alternance
"Bonjour, je vous contacte au sujet de ma demande de logement CROUS déposée il y a maintenant deux mois : je n'ai reçu aucune réponse, ni positive ni négative, et je commence à m'inquiéter sérieusement à l'approche de la rentrée puisque je n'ai actuellement aucune solution de repli si la demande n'aboutit pas. Pourriez-vous me indiquer où en est mon dossier et, le cas échéant, m'orienter vers d'autres solutions de logement étudiant dans les environs du campus ?",Logement
"svp on cherche des benevoles pour la soirée d'integration, ya un formulaire ou on peut juste se presenter ?",Vie étudiante
"Ma moyenne affichée sur le relevé ne correspond pas à celle annoncée en cours, il doit y avoir une erreur de saisie quelque part.",Scolarité
svp le montant des frais de scolarite a change par rapport a l'an dernier ou c'est pareil ?,Finances et bourses
"Je n'arrive pas à me connecter au catalogue en ligne, ça dit erreur de session à chaque tentative.",Bibliothèque
Pourriez-vous m'indiquer la procédure pour demander un délai supplémentaire suite à un empêchement de dernière minute pour un examen ?,Scolarité
"Bonjour, je voudrais un récapitulatif annuel de toutes les sommes versées au titre de ma bourse, pour ma déclaration d'impôts.",Finances et bourses
Le clavier de l'ordinateur numéro 12 en salle multimédia a plusieurs touches qui ne répondent plus.,Informatique
Merci de bien vouloir vérifier si mon changement de statut (salarié à temps partiel) a bien été pris en compte pour l'aménagement de mes examens.,Scolarité
"jai reçu aucune reponse a mes candidatures de stage depuis un mois, vous auriez des conseils ou contacts a partager ?",Stages et alternance
"svp comment activer la licence gratuite office pour étudiant, jai cherché partout sur le site",Informatique
"koi de neuf sur les disponibilités en residence pour le second semestre, y a encore des places ?",Logement
"Bonjour, je voudrais signaler un bug sur le calendrier partagé, certains cours apparaissent en double.",Informatique
"Bonjour, le tournoi sportif inter-promos aura lieu quand cette année, il y a un thème ou des inscriptions par équipe ?",Vie étudiante
"Bonjour, mon contrat d'apprentissage arrive à échéance avant la fin officielle de l'année universitaire, est-ce un problème ?",Stages et alternance
"Le planning affiché sur l'ENT ne correspond pas à celui envoyé par email, lequel dois-je suivre ?",Scolarité
"Bonjour, les salles de travail en groupe se réservent combien de temps à l'avance, et pour combien d'heures maximum ?",Bibliothèque
Comment signaler un problème d'accessibilité (ascenseur en panne) qui empêche l'accès à l'étage des ouvrages spécialisés ?,Bibliothèque
"Bonjour, le logiciel utilisé en TP d'algo plante à chaque ouverture sur mon PC personnel, avez-vous une solution ?",Informatique
Est-ce que les notes de rattrapage remplacent définitivement celles de la session initiale sur le relevé final ?,Scolarité
Est-ce que l'emploi du temps du second semestre sera publié avant les vacances ou après la rentrée ?,Scolarité
"jai signé mon contrat d'alternance mais le rythme ecole entreprise annoncé ne correspond pas a celui du contrat, bizarre",Stages et alternance
"Existe-t-il un accompagnement spécifique pour les étudiants en réorientation en cours d'année, notamment sur le plan administratif ?",Scolarité
Le système d'authentification à deux facteurs ne m'envoie plus de code par SMS depuis mon changement de numéro.,Informatique
"jai plus de place sur mon drive étudiant, comment augmenter le quota ou libérer de l'espace",Informatique
"Bonjour, mon compte ENT est bloqué depuis ce matin, j'ai dû me tromper de mot de passe plusieurs fois par erreur.",Informatique
svp les frais de scolarite pour un double diplome sont doubles aussi ou y a un tarif special ?,Finances et bourses
svp existe il un moyen de savoir si un livre est disponible avant de se deplacer jusqu'a la bibli,Bibliothèque
"jai des soucis avec le paiement des frais d'inscription qui bloque ma finalisation de dossier, c'est lié a la scolarité ou aux finances ?",Scolarité
"Bonjour, je m'interroge sur les équivalences possibles entre mon BTS et la première année de la licence, existe-t-il une procédure de VAE ?",Scolarité
Changement de groupe TD possible encore ?,Scolarité
"Bonjour, mon stage à l'étranger nécessite une convention en anglais, le service peut-il en fournir une version traduite ?",Stages et alternance
Pourquoi mon relevé de notes de l'an dernier n'apparaît plus dans mes documents archivés sur l'ENT ?,Scolarité
"Je conteste ma note en UE de statistiques, comment puis-je demander une seconde correction ?",Scolarité
svp comment avoir acces aux revues scientifiques payantes genre ieee ou springer via la bibli,Bibliothèque
Existe-t-il un fonds de soutien pour les étudiants qui organisent des voyages ou séjours associatifs à l'étranger ?,Vie étudiante
"svp jai un souci pour acceder a un article via l'authentification institutionnelle, ca boucle sans arret",Bibliothèque
"jai un virus sur mon pc perso qui vient je pense d'une cle usb prêtée par la fac, qui contacter pour ça ?",Informatique
"koi de neuf sur mon attestation de paiement des frais de scolarite, jen ai besoin pour mon dossier de logement",Finances et bourses
koi de neuf pour les dates d'exam du 2e semestre elles sont dispo ?,Scolarité
Y a-t-il un forum entreprises prévu ce semestre pour faciliter la recherche de stage ou d'alternance ?,Stages et alternance
Bourse pas versée ce mois,Finances et bourses
"Bonjour, ma note d'UE optionnelle n'apparaît pas alors que celle du tronc commun oui, un oubli de saisie peut-être.",Scolarité
"Le wifi eduroam ne fonctionne plus dans tout le bâtiment B depuis hier soir, c'est signalé ailleurs aussi ?",Informatique
"Bonjour, j'ai un souci de compatibilité entre mon mac et le logiciel imposé pour le cours de modélisation, existe-t-il une alternative ?",Informatique
"Je souhaite créer une nouvelle association autour de la photographie, quelle est la procédure administrative à suivre ?",Vie étudiante
"Bonjour, je n'arrive pas à activer mon compte étudiant pour la première fois, le lien reçu par mail ne fonctionne pas.",Informatique
Rattrapage de anglais c'est bien lundi ?,Scolarité
"Le formulaire de demande de réorientation est introuvable sur le site, un lien direct serait bienvenu.",Scolarité
Est-il possible d'avoir accès à distance aux logiciels spécialisés des salles TP depuis chez soi ?,Informatique
"g un prof injoignable depuis 2 semaines pour valider mon sujet de mémoire, vous pouvez m'aider a le contacter ?",Scolarité
"svp on est plusieurs a vouloir monter un club d'entraide entre etudiants isolés, vous savez qui contacter pour ca ?",Vie étudiante
"svp jai un souci avec mon employeur qui refuse de signer les documents obligatoires du cfa, que faire ?",Stages et alternance
"Bonjour, je vous écris car j'ai constaté une erreur de crédits ECTS sur mon relevé, il manque 3 crédits validés au premier semestre.",Scolarité
"koi de neuf sur mon dossier de logement CROUS, deposé il y a un mois sans aucune nouvelle depuis",Logement
"Ma carte d'étudiant indique une mauvaise filière, ce qui pose problème pour certains accès, pouvez-vous la faire corriger ?",Scolarité
Pourriez-vous me communiquer la date de publication des résultats du premier semestre ?,Scolarité
Comment obtenir une convention d'études signée avant de partir pour mon année à l'étranger ?,International
"Je souhaite organiser une collecte de dons avec mon association, dois-je demander une autorisation à l'administration ?",Vie étudiante
Élections étudiantes c'est quand déjà ?,Vie étudiante
"Bonjour, je voudrais savoir si les notes de projet tuteuré comptent dans la moyenne du second semestre ou seulement dans celle du premier.",Scolarité
"koi de neuf sur la validation de mon changement d'entreprise en cours d'alternance, le dossier a été deposé y'a 2 semaines",Stages et alternance
"Ma bourse n'a pas été versée ce mois-ci alors que les précédentes sont arrivées normalement, un souci de dossier ?",Finances et bourses
"jai perdu le contact de mon tuteur pedagogique, vous pouvez me redonner ses coordonnées pour organiser un point ?",Stages et alternance
"Bonjour, notre association souhaite organiser un événement d'assez grande ampleur pour célébrer ses dix ans d'existence, avec potentiellement plus de deux cents personnes attendues sur une soirée, incluant des intervenants extérieurs et de la restauration. Nous aimerions savoir quelles démarches administratives spécifiques doivent être engagées dans ce cas, notamment en matière de sécurité, d'autorisation de l'établissement et éventuellement de couverture assurance, bien en amont pour ne pas être pris de court.",Vie étudiante
"Bonjour, existe-t-il un antivirus gratuit fourni par l'université pour les ordinateurs personnels des étudiants ?",Informatique
"svp jai des freres et soeurs aussi etudiants, ca change quelque chose au calcul de ma bourse ?",Finances et bourses
"Chauffage en panne, chambre 312",Logement
"Je souhaiterais savoir si mon dossier de réinscription a bien été traité, je n'ai reçu aucune confirmation par mail.",Scolarité
"g toujours pas mes notes de l'ue de gestion de projet, ça fait 3 semaines que l'examen est passé",Scolarité
"svp comment configurer ma boite mail fac sur l'appli mail de mon telephone, jai essayé plusieurs fois sans succes",Informatique
"Frais scolarité, paiement en 3x ?",Finances et bourses
svp jvoudrai integrer le club photo mais jsais pas si faut du materiel a soi ou si c'est fourni,Vie étudiante
"Bonjour, quelqu'un peut-il m'expliquer comment fonctionne le système de notation par crédits ECTS pour un étudiant venant de l'étranger ?",Scolarité
"Rapport de stage, date limite ?",Stages et alternance
"Le câble HDMI de la salle de réunion étudiante est défectueux, impossible de brancher un ordinateur portable dessus.",Informatique
"koi faire pour payer mes frais de scolarite en plusieurs fois, ca existe encore cette annee ?",Finances et bourses
"svp la soutenance de stage elle compte pour combien dans la note finale, jai jamais trouvé l'info précise",Stages et alternance
"Bonjour, existe-t-il des aides ponctuelles pour l'achat de matériel informatique nécessaire aux études ?",Finances et bourses
Local asso dispo ce week-end ?,Vie étudiante
"svp jai depose mon dossier de bourse en retard, est ce que ca compromet totalement mes chances de l'obtenir ?",Finances et bourses
"L'imprimante de la salle informatique 2 n'a plus d'encre depuis 3 jours, personne n'est venu la recharger.",Informatique
jss chez moi et jarrive pas a me connecter au vpn de la fac pour accéder aux ressources en ligne,Informatique
"Mon groupe de TD n'a pas de salle attribuée pour la séance de mercredi, quelqu'un peut vérifier ?",Scolarité
Est-ce que le redoublement est automatique ou dois-je en faire la demande explicitement auprès du service scolarité ?,Scolarité
Comment obtenir de l'aide pour migrer mes données d'un ancien compte étudiant vers le nouveau après un changement de filière ?,Informatique
"svp c'est ou exactement l'amphi B2, jss nouveau sur le campus et je trouve pas",Scolarité
"Bonjour, je souhaite vérifier que mon stage de M1 a bien été validé administrativement, je n'ai reçu aucune confirmation écrite.",Scolarité
"Convocation examen toujours pas reçue, normal ?",Scolarité
"g changé de mot de passe hier et depuis plus aucun de mes services (mail, wifi, moodle) ne marche avec le nouveau",Informatique
Combien de temps garde-t-on accès à ses résultats et relevés de notes après la fin de la formation ?,Scolarité
"Bonjour, je voudrais un relevé de notes officiel pour l'année 2023-2024, comment puis-je l'obtenir ?",Scolarité
"Bonjour, je vous contacte car je traverse une période un peu compliquée sur le plan personnel qui a affecté mon assiduité ces dernières semaines, et je souhaiterais échanger avec quelqu'un du service scolarité pour envisager les options qui s'offrent à moi concernant la validation de mon semestre, notamment si un aménagement particulier est envisageable dans mon cas plutôt qu'un redoublement complet de l'année.",Scolarité
svp comment avoir un echeancier pour etaler le paiement de mes frais universitaires sur plusieurs mois,Finances et bourses
svp on peut faire son stage en freelance/auto entrepreneur ou ca doit forcement etre un contrat classique ?,Stages et alternance
svp c'est quand exactement la date limite pour deposer une demande de compensation entre deux semestres différents,Scolarité
"Quel est le calendrier universitaire exact pour ce semestre, notamment la date de début des vacances de printemps ?",Scolarité
"jss dans le flou total sur les crédits ECTS qu'il me reste a valider avant la fin du cursus, un recap serait top",Scolarité
"Bonjour, je pense avoir été victime d'un mail de phishing usurpant l'identité du service informatique, dois-je vous le transférer ?",Informatique
svp le clavier tactile de l'écran a l'entrée du batiment C repond plus du tout depuis ce matin,Informatique
"svp jvoudrais des infos sur le gala de fin d'annee, c'est quand et comment on reserve sa place",Vie étudiante
Comment signaler un changement de RIB en cours d'année sans interrompre le versement de ma bourse ?,Finances et bourses
"svp le partiel de demain il commence a 8h ou 8h30, g vu les deux horaires differents selon les sources",Scolarité
"Bonjour, comment proposer notre association pour la journée portes ouvertes de l'établissement l'année prochaine ?",Vie étudiante
koi de neuf sur mon dossier de mobilité internationale envoyé il y a plusieurs semaines,International
"Bonjour, comment obtenir une lettre d'acceptation officielle pour ma demande de visa étudiant vers le Canada ?",International
"j'ai besoin d'une attestation de réussite rapidement pour l'inscrire dans mon dossier d'inscription en master, c'est urgent",Scolarité
"svp le clavier virtuel de la borne d'accueil ne répond plus, comment je fais pour m'enregistrer a l'evenement de ce soir",Informatique
"Bonjour, mon employeur souhaite embaucher directement à l'issue du stage, y a-t-il une procédure particulière côté université ?",Stages et alternance
koi faire si l'ordi portable prete par le service info tombe en panne pendant les vacances,Informatique
"jarrive pas a rejoindre le serveur du jeu pédagogique utilisé en cours de theorie des jeux, ca timeout direct",Informatique
"svp le forum des assos c'est cette semaine ou la semaine prochaine, jai vu deux dates differentes",Vie étudiante
Imprimante salle 2 encore en panne,Informatique
"Bonjour, je souhaite vous exposer une situation un peu particulière : j'ai validé l'ensemble de mes UE cette année sauf une, pour laquelle j'ai eu 9,4 de moyenne après un cumul d'un devoir sur table raté et d'un oral qui s'est mal passé en raison d'un problème technique de connexion. Existe-t-il une possibilité de rattrapage ciblé sur cette seule UE, ou dois-je nécessairement repasser l'ensemble du semestre l'année prochaine ?",Scolarité
"Bonjour, est-il possible d'obtenir un duplicata de carte étudiante en urgence, la mienne a été volée ce week-end.",Vie étudiante
"Bonjour, pourriez-vous m'indiquer où se trouve la section consacrée aux ouvrages de droit du numérique ?",Bibliothèque
"jai un souci, deux profs differents m'ont donné deux dates differentes pour le meme examen, vous pouvez trancher ?",Scolarité
Besoin attestation scolarité urgent svp,Scolarité
svp on doit rendre le rapport de stage en version papier reliée ou une version numerique suffit cette annee ?,Stages et alternance
"Bonjour, ma note d'oral n'apparaît toujours pas alors que celle de l'écrit y est depuis une semaine, un oubli peut-être ?",Scolarité
"Bonjour, la webcam intégrée du pc de la salle 6 ne fonctionne plus, gênant pour les entretiens en visio prévus cette semaine.",Informatique
"Bonjour, comment obtenir le statut d'étudiant salarié pour bénéficier des aménagements liés à mon engagement associatif ?",Vie étudiante
Le dossier de candidature pour le double diplôme doit-il être déposé au même moment que l'inscription classique ou séparément ?,Scolarité
"svp existe il un forum specifique pour les alternances dans le secteur de la data, ou c'est mélangé avec tous les secteurs ?",Stages et alternance
"svp je cherche une boite pour mon alternance en cybersécu, vous avez un réseau d'entreprises partenaires ?",Stages et alternance
"Bonjour, le micro ne fonctionne pas dans la salle de visioconférence réservée pour notre soutenance de demain.",Informatique
Comment demander une prolongation de recherche de stage si je n'ai toujours rien trouvé après la date limite fixée par l'école ?,Stages et alternance
svp le dossier social etudiant faut le refaire chaque annee ou ca se reconduit automatiquement ?,Finances et bourses
"Bonjour, il y a une erreur sur les dates de ma convention de stage (fin indiquée avant le début), pouvez-vous corriger ?",Stages et alternance
"Existe-t-il des formations gratuites proposées par le pôle vie étudiante (premiers secours, prise de parole, etc.) ?",Vie étudiante
svp c'est quoi les conditions exactes pour avoir droit a une aide d'urgence ponctuelle,Finances et bourses
"Je voudrais organiser un vide-dressing solidaire entre étudiants, y a-t-il un espace prévu pour ce genre d'initiative ?",Vie étudiante
"Bonjour, pourriez-vous vérifier pourquoi mon compte apparaît comme désactivé alors que je suis toujours inscrit cette année ?",Informatique
"jarrive pas a obtenir ma convention de stage signée a temps, l'entreprise commence a s'impatienter",Stages et alternance
"Bonjour, l'accès à la cafétéria avec la carte étudiante fonctionne-t-il aussi pendant les vacances scolaires ?",Vie étudiante
Merci de m'indiquer la procédure exacte pour contester une note d'examen que je juge injustifiée.,Scolarité
Comment s'inscrire aux compétitions sportives universitaires nationales si on fait déjà partie d'un club du campus ?,Vie étudiante
"Bonjour, comment signaler une absence prévue à l'avance pour un examen (participation à une compétition sportive universitaire) ?",Scolarité
"Madame, Monsieur, je vous contacte car mon inscription pédagogique en UE d'ouverture n'a pas été prise en compte malgré ma demande du mois dernier.",Scolarité
"svp comment on fait pour changer de responsable d'association en cours d'année, faut re signer des papiers ?",Vie étudiante
"Dossier Erasmus, toujours pas de réponse",International
svp le gala de promo c'est organisé par le bde ou faut s'inscrire ailleurs pour participer,Vie étudiante
Comment demander une bourse au mérite si mon dossier de bourse sociale classique a déjà été refusé ?,Finances et bourses
Comment demander une extension de mon espace de stockage cloud pour un projet de fin d'études avec beaucoup de données ?,Informatique
svp c'est quand la réunion du jury pour les résultats de la session de rattrapage,Scolarité
svp la carte étudiante donne aussi accès a la salle de sport du campus ou faut une carte a part ?,Vie étudiante
"Bonjour, je n'ai plus accès à mon espace CROUS depuis mon changement d'adresse mail, comment y remédier ?",Finances et bourses
"koi de neuf sur notre demande de subvention pour le weekend d'intégration, toujours pas de réponse officielle",Vie étudiante
"Bonjour, je suis actuellement en stage à l'étranger, quelles sont les modalités pour passer mes examens à distance si cela est possible ?",Scolarité
"koi de neuf sur les résultats des élections étudiantes de la semaine dernière, ils sont affichés quelque part ?",Vie étudiante
Comment savoir si un document est consultable uniquement sur place ou s'il peut être emprunté à domicile ?,Bibliothèque
"Le son ne fonctionne plus sur aucun poste de la salle 204, ça pose problème pour les exercices de compréhension orale.",Informatique
"Bonjour, je recherche activement une alternance depuis maintenant deux mois sans succès, j'ai postulé dans une trentaine d'entreprises différentes dans le secteur du développement web sans recevoir la moindre réponse positive, et la date limite fixée par l'école approche. Existe-t-il un accompagnement individualisé, des ateliers de préparation aux entretiens, ou un réseau d'entreprises partenaires que je pourrais solliciter directement plutôt que de continuer à postuler seul dans le vide ?",Stages et alternance
jaimerai savoir si les evenements du bde sont ouverts aux etudiants d'autres filieres ou juste la notre,Vie étudiante
"Le service peut-il me confirmer par écrit que mon année est validée, j'en ai besoin pour mon dossier d'inscription à l'étranger.",Scolarité
"koi faire pour changer de chambre en residence universitaire, y a une periode particuliere pour demander ca ?",Logement
yo est ce que c'est possible de faire un césure l'année prochaine et comment on demande ça,Scolarité
Existe-t-il un accompagnement pour aider les nouvelles associations à monter leur premier dossier de subvention ?,Vie étudiante
"Bonjour, l'accès aux salles informatiques en dehors des heures de cours est-il possible avec le badge étudiant ?",Informatique
"J'ai un empêchement médical le jour de mon partiel de réseaux, quelle est la marche à suivre pour le justifier ?",Scolarité
Je souhaite changer de groupe de TD car l'horaire actuel chevauche mon activité associative obligatoire.,Scolarité
svp jss etudiant international et jaimerai savoir comment faire reconnaitre mon diplome obtenu dans mon pays d'origine,International
"jai perdu un livre emprunté il y a deux mois, koi faire pour le rembourser ou le remplacer",Bibliothèque
svp c normal que l'appli mobile de la fac plante direct a l'ouverture depuis la derniere mise a jour,Informatique
"Bonjour, pourriez-vous préciser si une gratification est obligatoire pour un stage de moins de deux mois ?",Stages et alternance
"Bonjour, la mise à jour d'Anaconda a cassé mon environnement python, plus rien ne fonctionne pour le TP de demain, un peu la panique.",Informatique
"Bonjour, existe-t-il un service d'aide à la recherche de logement pour les étudiants qui arrivent de l'étranger ?",Logement
Le règlement prévoit combien d'absences maximum avant que ça compte dans la note de contrôle continu ?,Scolarité
"g manqué 3 cours d'affilée pour des raisons perso, est ce que ça pose un problème pour la validation du semestre ?",Scolarité
"Ma note de stage n'a pas été intégrée dans le calcul de ma moyenne semestrielle, un oubli du côté du secrétariat peut-être ?",Scolarité
"jarrive pas a changer ma photo de profil sur l'ent, le bouton reste grisé",Informatique
Comment obtenir le remboursement des frais avancés pour l'organisation d'un événement étudiant validé par l'administration ?,Vie étudiante
"Bonjour, le certificat de scolarité que j'ai téléchargé indique l'année dernière au lieu de cette année, un bug d'affichage sans doute.",Scolarité
Comment obtenir de l'aide pour configurer un environnement de développement complet pour le projet de fin de semestre ?,Informatique
"Bonjour, ma carte étudiante a expiré alors que je suis toujours inscrit, comment la renouveler rapidement ?",Vie étudiante
"Bonjour, existe-t-il une newsletter ou un canal pour être informé de tous les événements étudiants du campus ?",Vie étudiante
j'aimerai savoir sur quels criteres se basent le jury pour valider ou non une compensation limite,Scolarité
"Je n'ai toujours pas trouvé de stage à un mois de l'échéance, quelles ressources l'établissement propose-t-il pour aider ?",Stages et alternance
"Bonjour, je souhaite faire valider des crédits obtenus lors d'un échange universitaire l'an dernier, quelle est la démarche à suivre ?",Scolarité
"Bonjour, je suis actuellement en recherche de stage à l'étranger, existe-t-il un accompagnement spécifique pour ce cas ?",Stages et alternance
koi de neuf sur ma demande de report de mobilité suite a un probleme de visa de dernière minute,International
"Bonjour, je suis redoublant cette année, dois-je repasser les UE déjà validées lors de ma première inscription ou seulement celles manquantes ?",Scolarité
"jai un ecran bleu qui apparait aléatoirement sur le pc que jutilise en salle tp, ca doit etre un probleme materiel",Informatique
"Comment déclarer mon rythme d'alternance auprès du service, mon entreprise a changé le planning en cours d'année ?",Stages et alternance
Est-ce normal que je doive changer mon mot de passe tous les 3 mois ? C'est assez contraignant pour retenir à chaque fois.,Informatique
Existe-t-il une bourse au mérite pour les étudiants ayant obtenu une mention au diplôme précédent ?,Finances et bourses
Est-ce que la compensation s'applique entre les deux semestres ou uniquement à l'intérieur d'un même semestre ?,Scolarité
"Je souhaite organiser un tournoi de jeux de société, faut-il réserver une salle spécifique ou une salle commune suffit ?",Vie étudiante
Existe-t-il une bourse de mobilité internationale en plus de la bourse Erasmus classique ?,International
"Bonjour, le tournoi de basket inter-facs approche, comment inscrire une équipe représentant notre promotion ?",Vie étudiante
"Bonjour, à qui dois-je m'adresser pour une demande de dérogation concernant le nombre d'ECTS suivis ce semestre ?",Scolarité
"Y a un souci avec mon inscription, je suis marqué en L3 alors que je viens de valider mon M1",Scolarité
jvoudrais savoir si on peut consulter les theses et memoires en libre acces ou faut une autorisation,Bibliothèque
"Bonjour, quels sont les horaires d'ouverture de la bibliothèque pendant les vacances de Noël cette année ?",Bibliothèque
"Bonjour, quelles pièces justificatives précises sont nécessaires pour ma demande de bourse cette année ?",Finances et bourses
"je cherche un ouvrage sur l'apprentissage automatique, il est dispo a la bibli ou faut le commander ailleurs ?",Bibliothèque
"Le local de notre association a été attribué à un autre groupe sans qu'on soit prévenus, on peut avoir des explications ?",Vie étudiante
"mon edt de la semaine prochaine a un cours qui se chevauche avec un autre, c'est un bug ou c'est fait exprès ?",Scolarité
"Comment configurer eduroam sur un ordinateur sous Linux, la doc fournie ne fonctionne que pour Windows.",Informatique
Comment obtenir de l'aide méthodologique pour une recherche bibliographique dans le cadre de mon mémoire ?,Bibliothèque
"Bonjour, je voudrais comprendre pourquoi mon année n'est pas validée alors que ma moyenne générale dépasse 10, y a-t-il un blocage sur une UE spécifique ?",Scolarité
svp les etudiants en situation de handicap ont ils un acces facilité ou du materiel adapté a la bibliotheque ?,Bibliothèque
"Bonjour, pourriez-vous m'indiquer si le stage obligatoire de M1 peut être remplacé par une expérience associative équivalente ?",Scolarité
"Bonjour, je souhaite signaler que le distributeur de tickets d'impression ne rend pas la monnaie correctement.",Informatique
"Bonjour, pourriez-vous me dire s'il existe une hotline informatique accessible le soir pour les urgences avant un rendu ?",Informatique
"Bonjour, ma session Windows sur les postes de la fac se déconnecte automatiquement toutes les 15 minutes, très gênant en plein TP.",Informatique
koi faire si mon maitre de stage change en cours de periode suite a son depart de l'entreprise,Stages et alternance
"Bonjour, existe-t-il un classement ou un bilan des associations les plus actives, pour savoir lesquelles rejoindre ?",Vie étudiante
"koi de prevu pour la fete de fin d'annee cette fois, ca sera au meme endroit que l'an dernier ?",Vie étudiante
svp les postes informatiques de la bibli sont reserves aux recherches ou on peut faire autre chose dessus aussi ?,Bibliothèque
koi faire si mon proprietaire refuse de restituer ma caution alors que l'etat des lieux etait bon,Logement
"jaimerai avoir un rdv avec un responsable pédagogique pour parler de mon parcours, comment on fait pour en demander un",Scolarité
"Carte étudiante perdue, refaire comment ?",Vie étudiante
Comment demander une exonération totale ou partielle des frais de scolarité en cas de difficulté financière ?,Finances et bourses
"Bonjour, pourriez-vous vérifier pourquoi mon accès aux ressources numériques a été coupé alors que je suis toujours inscrit ?",Bibliothèque
"Y a-t-il un espace calme réservé au travail individuel, séparé des salles de groupe un peu bruyantes ?",Bibliothèque
"Comment se déroule concrètement l'élection du BDE, il y a un débat entre les listes candidates avant le vote ?",Vie étudiante
"Bonjour, comment consulter les archives des mémoires des années précédentes pour m'inspirer pour le mien ?",Bibliothèque
Le montant du loyer de la résidence a-t-il été révisé cette année par rapport à l'an dernier ?,Logement
"g un ami qui redouble et qui c pas si il doit se réinscrire lui même ou si c'est automatique, tu sais ?",Scolarité
"Bonjour, je reviens tout juste d'un échange universitaire, comment faire valider officiellement mon semestre à l'étranger ?",International
"Bonjour, ma tablette graphique fournie par le département ne fonctionne plus avec la dernière mise à jour du logiciel de dessin.",Informatique
Le local associatif du bâtiment B est-il accessible le week-end pour les répétitions de notre troupe de théâtre ?,Vie étudiante
"Bonjour, je poursuis un double cursus et j'ai des examens qui se chevauchent entre les deux formations, comment gérer cela administrativement ?",Scolarité
"svp c pour quand la date limite de dépôt des voeux de poursuite d'étude, jai peur d'avoir raté le délai",Scolarité
"Bonjour, je rencontre depuis quelques jours un problème récurrent avec mon compte étudiant : je parviens à me connecter normalement le matin, mais je suis systématiquement déconnecté en fin d'après-midi sans raison apparente, ce qui m'oblige à ressaisir mes identifiants plusieurs fois par jour. J'ai essayé sur deux navigateurs différents ainsi que sur mon téléphone, avec le même résultat à chaque fois, donc je ne pense pas que le problème vienne de mon matériel personnel.",Informatique
"j'ai raté deux ue de justesse, est ce que je redouble direct ou il y a un jury de repêchage",Scolarité
Comment demander une formation ou un accompagnement pour prendre en main les outils numériques imposés cette année ?,Informatique
koi faire si mon employeur veut rompre la convention de stage avant la date prévue initialement,Stages et alternance
"Je n'arrive pas à générer mon attestation depuis le portail, la page reste bloquée sur le chargement.",Scolarité
"Bonjour, pourriez-vous me délivrer une attestation de scolarité pour mon dossier de bourse au logement ?",Scolarité
"Amende retard, comment payer ?",Bibliothèque
"koi de neuf sur la contestation que j'ai envoyée y'a 2 semaines pour ma note de projet, toujours pas de retour",Scolarité
"svp la convocation pour l'examen de vendredi elle arrive quand, jss un peu stressé de pas l'avoir encore",Scolarité
"Merci de m'indiquer si un cours magistral manqué peut être rattrapé en ligne, certains professeurs mettent des enregistrements à disposition je crois.",Scolarité
"Madame, Monsieur, je me permets de vous solliciter concernant une situation qui me préoccupe depuis plusieurs semaines. Mon relevé de notes du premier semestre indique une moyenne inférieure à celle que j'ai moi-même calculée à partir des notes communiquées en cours par mes enseignants. J'aimerais donc comprendre d'où vient cet écart avant que la période de recours ne se termine, et savoir quelles pièces je dois fournir pour appuyer ma demande de vérification.",Scolarité
"Comment fonctionne le système de suggestions d'achat, peut-on proposer un livre qu'on aimerait voir ajouté ?",Bibliothèque
svp la validation du stage depend uniquement du rapport ou aussi de l'avis du maitre de stage en entreprise ?,Stages et alternance
"Bonjour, est-il encore possible de modifier mes choix d'options pédagogiques ou la période est-elle close ?",Scolarité
Comment prouver mon indépendance financière vis-à-vis de mes parents pour une demande de bourse plus élevée ?,Finances et bourses
"Mon compte a été suspendu automatiquement, je ne comprends pas pourquoi, pouvez-vous vérifier ce qui s'est passé ?",Informatique
"Bonjour, comment fonctionne le vote pour les élections des représentants étudiants, en ligne ou uniquement sur place ?",Vie étudiante
"Bonjour, je n'ai toujours pas reçu la confirmation de mon inscription administrative pour cette année, pouvez-vous vérifier mon dossier ?",Scolarité
"Licence Office expirée, renouveler comment ?",Informatique
"koi de prevu pour la rentrée cote evenements etudiants, y a un truc d'organisé par le bde ?",Vie étudiante
"Je souhaite obtenir une copie de mon relevé de notes du bac, est-ce le service scolarité qui gère ce type de demande ?",Scolarité
"Bonjour, je souhaite faire valider un stage effectué pendant l'été dernier, en dehors du calendrier universitaire classique.",Stages et alternance
"Bonjour, je ne reçois plus les mails de mes professeurs depuis une semaine, ils finissent peut-être en spam sans que je le sache.",Informatique
"Bonjour, existe-t-il des casiers pour laisser ses affaires pendant qu'on travaille à la bibliothèque ?",Bibliothèque
"Le nombre de crédits requis pour valider le semestre a-t-il changé par rapport à l'an dernier, la brochure semble différente.",Scolarité
"jvoudrais m'inscrire au bureau des sports mais jsais pas trop comment ca marche, y a un entretien ou c'est juste un formulaire ?",Vie étudiante
Comment récupérer une copie de ma convention de stage si je l'ai égarée après la fin de la période ?,Stages et alternance
"svp jai change de compte bancaire, comment je previens le service pour le versement de ma bourse",Finances et bourses
Note UE stats manquante depuis 3 semaines,Scolarité
"Bonjour, existe-t-il des créneaux réservés aux associations pour utiliser les salles de sport en dehors des cours d'EPS ?",Vie étudiante
"Je souhaite candidater pour intégrer directement la deuxième année, quelles pièces dois-je fournir en plus du dossier classique ?",Scolarité
"Bonjour, le lecteur de carte pour le badge étudiant à l'entrée de la bibliothèque numérique semble hors service.",Informatique
"Je voudrais connaître les modalités précises de l'examen terminal de cette UE (durée, documents autorisés, coefficient).",Scolarité
svp le forum entreprises c'est ouvert aussi aux etudiants qui cherchent une alternance ou juste un stage classique ?,Stages et alternance
"Bonjour, la synchronisation entre mon calendrier étudiant et mon calendrier personnel Google ne fonctionne plus depuis peu.",Informatique
svp le paiement des frais en plusieurs fois ca a des frais supplementaires ou c'est gratuit ?,Finances et bourses
"Bonjour, quels documents précis sont nécessaires pour signer une convention d'alternance avec un CFA partenaire ?",Stages et alternance
"Comment réserver une salle de travail en groupe à la bibliothèque, faut-il être un nombre minimum de personnes ?",Bibliothèque
"jarrive pas a valider mon inscription péda sur le portail, ça bug a chaque fois que je clique sur suivant",Scolarité
Le quota d'impression étudiant est-il remis à zéro chaque semestre ou cumulé sur toute l'année ?,Informatique
"svp comment fonctionne la garantie visale pour mon logement etudiant, faut la demander avant de signer ?",Logement
"koi de neuf sur le ticket que jai ouvert la semaine derniere pour mon compte bloqué, toujours pas de reponse",Informatique
Emploi du temps de demain a changé ?,Scolarité
"Bonjour, je souhaite être auditeur libre dans un cours de M2 en plus de mon cursus actuel, est-ce autorisé et comment procéder ?",Scolarité
"le reseau du campus est hyper lent depuis ce matin, c'est juste moi ou c'est general",Informatique
"Bonjour, notre association aimerait inviter un intervenant extérieur pour une conférence, quelle démarche pour obtenir une salle ?",Vie étudiante
"koi faire si ma situation familiale a change en cours d'annee, faut refaire toute la demande de bourse depuis le debut ?",Finances et bourses
"jaimerai contester le refus de ma demande de dérogation, comment je fais un recours ?",Scolarité
"Bonjour, ma convention de stage mentionne un nombre d'heures hebdomadaires différent de ce qui a été convenu à l'oral.",Stages et alternance
"Bonjour, dans le cadre de mon projet de fin de semestre qui nécessite l'exécution de scripts assez longs (plusieurs heures de calcul), je me demandais s'il existait une solution pour accéder à distance à une machine plus puissante que mon ordinateur personnel, que ce soit un serveur de calcul du département ou une solution cloud mise à disposition des étudiants, car mon PC portable n'est clairement pas suffisant pour ce type de traitement.",Informatique
"Bonjour, comment récupérer les affiches ou goodies restants d'un ancien événement associatif pour une future édition ?",Vie étudiante
"Il existe un dispositif de tutorat pour les étudiants en difficulté dans certaines matières, savez-vous comment s'y inscrire ?",Scolarité
"jai toujours pas de tuteur pedagogique attribué alors que mon stage commence dans 10 jours, un peu stressant",Stages et alternance
"Bonjour, comment obtenir une carte de bibliothèque interuniversitaire pour consulter des fonds d'une autre fac ?",Bibliothèque
"coucou j'ai un doublon sur mon dossier étudiant (2 numéros différents), comment on corrige ça svp",Scolarité
"Bonjour, comment devenir élu étudiant au conseil de la formation, y a-t-il des élections prévues bientôt ?",Vie étudiante
svp est ce que le supplément au diplôme est envoyé automatiquement ou faut il le demander explicitement,Scolarité
"Bonjour, existe-t-il des logements disponibles spécifiquement pour les étudiants internationaux arrivant en cours d'année ?",Logement
"jai un bug d'affichage sur mon planning ou les cours apparaissent tous a la meme heure, ca doit venir du site",Informatique
"peut on reserver un livre qui est actuellement emprunte par quelqu'un d'autre, ou faut juste attendre ?",Bibliothèque
"Bonjour, je n'ai plus accès au cours en ligne de traitement du langage, la page indique que je ne suis pas inscrit au module.",Informatique
"Le lien de la visioconférence pour le cours de ce soir ne fonctionne pas, quelqu'un peut vérifier côté technique ?",Informatique
"koi faire pour faire valider mes notes obtenues pendant mon semestre erasmus, faut un formulaire special ?",International
"koi de prevu pour la semaine du developpement durable, y a des ateliers d'ouverts a tous les etudiants ?",Vie étudiante
"Le clavier des salles TP est en QWERTY, existe-t-il des postes en AZERTY pour les étudiants qui préfèrent ?",Informatique
svp la residence propose des logements meubles ou faut tout apporter soi meme,Logement
Comment signaler une situation de stage qui ne correspond pas du tout à la mission décrite initialement dans l'offre ?,Stages et alternance
"Bonjour, existe-t-il un plafond de revenus au-delà duquel il est inutile de déposer une demande de bourse ?",Finances et bourses
"Comment proposer un nouvel atelier ou une nouvelle activité au sein du pôle vie étudiante, faut-il un dossier de présentation ?",Vie étudiante
"jai loupé la réunion de rentrée, y a moyen d'avoir le compte rendu ou les infos importantes qui ont été données",Scolarité
Pourriez-vous me confirmer les prérequis nécessaires pour accéder au master à la rentrée prochaine depuis cette licence ?,Scolarité
"Bonjour, quelle est la durée maximale de prêt pour un ouvrage de référence de la salle de consultation ?",Bibliothèque
"Bonsoir, pourriez-vous m'indiquer où trouver mon relevé de notes de licence, je ne le retrouve plus dans mes documents.",Scolarité
"koi faire si je trouve pas d'entreprise a temps pour la rentree de mon alternance, ya un plan b prevu par l'ecole ?",Stages et alternance
Avis CROUS toujours pas reçu,Finances et bourses
"Bonjour, je n'arrive pas à me connecter à distance au bureau virtuel proposé pour les étudiants en situation particulière.",Informatique
"svp g reçu un mail bizarre demandant mes identifiants soi disant de la part du service info, c'est louche non ?",Informatique
Y a-t-il possibilité de repasser une seule UE sans redoubler complètement l'année si le reste est validé ?,Scolarité
"Bonjour, ma demande de bourse a été refusée mais je pense qu'il y a une erreur dans le calcul du quotient familial.",Finances et bourses
"svp deux pc dans la salle TP4 sont hs, ca fait moins de postes dispo que d'étudiants dans le groupe",Informatique
Mon badge d'accès au bâtiment informatique ne fonctionne plus depuis le changement de trimestre.,Informatique
Comment s'inscrire à la chorale ou à l'atelier théâtre proposés par le pôle vie étudiante ?,Vie étudiante
"Bonjour, existe-t-il un accompagnement pour la constitution du dossier de garant si on n'a personne en France ?",Logement
"Le certificat de sécurité du site de la fac semble expiré, mon navigateur affiche un avertissement à chaque connexion.",Informatique
"Bonjour, je voudrais organiser un tournoi de jeux vidéo entre étudiants, faut-il une autorisation particulière de l'établissement ?",Vie étudiante
"Comment se passe concrètement le suivi pédagogique pendant l'alternance, visite en entreprise ou juste des points téléphoniques ?",Stages et alternance
"Le calcul de ma moyenne semble prendre en compte un coefficient erroné pour l'UE de méthodologie, pouvez-vous vérifier ?",Scolarité
"Bonjour, comment puis-je rejoindre une association étudiante sur le campus, existe-t-il une liste centralisée quelque part ?",Vie étudiante
"svp comment on demande une subvention pour un projet associatif, il faut un dossier particulier ?",Vie étudiante
koi de neuf sur ma demande de dérogation pour commencer mon stage une semaine plus tot que prevu,Stages et alternance
"svp c'est qui le référent pédagogique de notre promo cette année, l'an dernier c'était pas la meme personne",Scolarité
"Bonjour, ma situation a beaucoup changé depuis le dépôt de mon dossier social étudiant en début d'année : mes parents ont perdu leur emploi il y a environ deux mois et notre situation financière familiale s'est nettement dégradée depuis. Je ne sais pas s'il faut attendre la campagne de renouvellement classique de la bourse ou si je peux faire une demande de réévaluation en cours d'année compte tenu de ce changement, et quelles pièces justificatives seraient nécessaires dans ce second cas.",Finances et bourses
"Bonjour, existe-t-il une liste des enseignements ouverts en auditeur libre pour ce semestre, je ne la trouve pas sur le site.",Scolarité
"Bonjour, quels sont les délais habituels de traitement d'une demande de bourse déposée en septembre ?",Finances et bourses
"Bonjour, comment demander l'installation d'un logiciel spécifique sur les postes de la salle réservée aux projets de fin d'études ?",Informatique
Est-ce que le pass culture étudiant est encore valable cette année ou a-t-il été remplacé par autre chose ?,Vie étudiante
koi faire si mon compte bibliotheque est bloqué a cause d'une amende que jai deja payee,Bibliothèque
"koi faire si je rends un livre en retard un dimanche alors que la bibli est fermee, ca compte quand meme en retard ?",Bibliothèque
"Bonjour, l'accès aux serveurs de calcul du département m'a été refusé alors que mon projet en a besoin cette semaine.",Informatique
"svp comment desactiver la double authentification temporairement, ca me bloque a chaque connexion depuis mon nouveau tel",Informatique
svp la carte d'étudiant sert aussi de titre de transport ou faut un abonnement séparé avec la métropole ?,Vie étudiante
"Bonjour, je voudrais savoir où en est ma demande de bourse sur critères sociaux déposée en juillet dernier.",Finances et bourses
"Bonjour, je souhaite contester le montant de ma bourse qui a baissé cette année sans explication apparente.",Finances et bourses
"Comment signaler un dégât des eaux dans mon logement étudiant, qui contacter en urgence le week-end ?",Logement
"jarrive pas a imprimer depuis les postes de la bibli, ca dit imprimante non trouvee",Bibliothèque
"koi de neuf sur la demande de local qu'on a envoyée pour notre club d'échecs, ca fait 1 mois sans réponse",Vie étudiante
Bibli ouverte samedi prochain ?,Bibliothèque
"Bonjour, les nouveaux étudiants ont-ils une visite guidée de la bibliothèque prévue en début d'année ?",Bibliothèque
on doit imprimer et signer le contrat pédagogique ou une signature électronique suffit cette année ?,Scolarité
Je voudrais faire une demande de dérogation pour suivre un cours qui n'est normalement pas ouvert à ma filière.,Scolarité
"Pourriez-vous préciser si le mémoire doit être rendu en version papier, numérique, ou les deux cette année ?",Scolarité
"svp jai perdu ma carte d'accès aux salles TP, comment en obtenir une nouvelle rapidement",Informatique
"Bonjour, je vous écris car j'ai un empêchement pour l'examen prévu vendredi prochain : je dois assister à un entretien d'embauche pour une alternance qui s'est débloqué très tardivement et qui ne pouvait pas être reporté de mon côté. Je comprends que cela n'entre pas dans les motifs classiques d'absence justifiée, mais je voulais savoir s'il existait tout de même une solution, comme une épreuve de remplacement à une autre date, étant donné les circonstances.",Scolarité
Comment fonctionne la répartition du temps entre l'entreprise et le CFA pour une alternance en deuxième année ?,Stages et alternance
"Bonjour, la salle indiquée pour le cours de statistiques de demain n'existe pas dans le bâtiment C, petite erreur je pense.",Scolarité
"Comment déclarer un accident survenu pendant le trajet domicile-entreprise dans le cadre du stage, y a-t-il un formulaire dédié ?",Stages et alternance
"jss actuellement en arret pour raisons perso, comment je fais pour pas perdre mon semestre niveau administratif ?",Scolarité
"Je serai en stage à l'étranger pendant la période d'examens, comment puis-je organiser un aménagement ?",Scolarité
Comment demander un report de la date de début de stage suite à un contretemps administratif côté entreprise ?,Stages et alternance
Comment faire reconnaître une expérience professionnelle antérieure comme équivalente au stage obligatoire de cette année ?,Stages et alternance
"svp g reçu un rappel pour un livre que g deja rendu la semaine derniere, vous pouvez verifier ?",Bibliothèque
"koi de neuf sur le virement de ma bourse de ce mois ci, d'habitude c'est deja arrivé a cette date",Finances et bourses
svp c'est possible de faire une demande de local pour une asso qui vient tout juste d'etre créée ?,Vie étudiante
"Bonjour, je vous sollicite pour obtenir un duplicata de mon diplôme, l'original ayant été perdu lors d'un déménagement.",Scolarité
"Je voudrais des informations sur les clubs de sport universitaire disponibles cette année, notamment escalade ou natation.",Vie étudiante
"jai un probleme de chauffage dans ma chambre de residence depuis une semaine, personne n'est venu voir",Logement
"koi de prevu niveau soirées cette annee, l'an dernier y en avait plus je trouve",Vie étudiante
Comment accéder à distance à une base de données bibliographique quand on est en stage à l'étranger ?,Bibliothèque
"koi faire si je suis boursier mais que je redouble, est ce que je garde le meme niveau de bourse l'annee prochaine ?",Finances et bourses
"Bonjour, je m'interroge sur la possibilité de suivre certains cours en distanciel uniquement pour raisons de santé passagères.",Scolarité
"La plateforme de dépôt des devoirs affiche une erreur 500 depuis ce matin, impossible de rendre mon rapport avant la deadline.",Informatique
"svp on peut avoir une doc simple pour connecter son telephone au wifi campus, celle actuelle est trop technique pour moi",Informatique
"Bonjour, le contenu de l'UE optionnelle a changé par rapport à la brochure, cela remet-il en cause mon choix initial ?",Scolarité
svp existe il une reunion d'information pour les etudiants qui envisagent une mobilite l'annee prochaine ?,International
"Bonjour, mon adresse mac a été bloquée du réseau je pense, comment faire pour la débloquer ?",Informatique
Est-ce qu'un cours suivi en auditeur libre peut être comptabilisé rétroactivement si je change de statut plus tard ?,Scolarité
"Bonjour, je vous contacte au sujet d'un incident un peu particulier : j'ai reçu hier soir un email qui semblait provenir du service informatique, me demandant de confirmer mes identifiants via un lien externe pour éviter la suspension de mon compte. Cela m'a semblé suspect, notamment à cause de l'adresse d'expéditeur qui ne correspondait pas au domaine habituel de l'université, donc je n'ai rien renseigné, mais je voulais vous signaler ce mail au cas où d'autres étudiants l'auraient également reçu.",Informatique
"Bonjour, comment demander la réinitialisation complète de mon environnement numérique de travail, plus rien ne fonctionne correctement.",Informatique
"Bonjour, mon entreprise d'accueil souhaite modifier une clause de la convention, quelle est la marche à suivre exacte ?",Stages et alternance
"svp mon maitre de stage doit remplir une grille d'évaluation, ou est ce que je peux la trouver ?",Stages et alternance
"svp mon compte office 365 dit que la licence a expiré, comment on la renouvelle",Informatique
"Quelles sont exactement les modalités de la soutenance de stage : durée, jury, support attendu ?",Stages et alternance
"jai un memoire a rendre et jaimerai avoir un accompagnement pour la mise en forme bibliographique, ca existe ?",Bibliothèque
Comment demander un logement adapté en cas de mobilité réduite au sein des résidences universitaires ?,Logement
"Bonjour, ma demande de mutation vers une autre résidence plus proche de mon lieu de stage est-elle possible en cours d'année ?",Logement
"Bonjour, mon changement de groupe de TP validé la semaine dernière n'apparaît toujours pas dans mon emploi du temps personnel.",Scolarité
Comment obtenir la liste actualisée des universités partenaires à l'étranger pour notre filière ?,International
svp c'est confirmé que la session de rattrapage commence le 3 ou ça peut encore changer,Scolarité
"Y a-t-il un budget alloué chaque année aux projets culturels portés par les étudiants, et comment y accéder ?",Vie étudiante
"jss bloqué sur une page de maintenance depuis 2 jours sur le portail de candidature, c'est prevu pour quand la remise en service ?",Informatique
"Je n'ai pas pu assister au cours de la semaine dernière, dois-je fournir un justificatif à la scolarité directement ou au professeur ?",Scolarité
"on doit rendre le dossier de choix d'option a quelle date exactement, jai pas retrouvé l'info sur le site",Scolarité
koi faire si moodle plante juste au moment ou je dois rendre mon devoir dans 20 minutes,Informatique
Comment est évaluée la période de stage dans le calcul de la moyenne générale du semestre ?,Stages et alternance
jaimerai savoir si y'a des reduc étudiantes pour les evenements culturels en ville avec la carte de la fac,Vie étudiante
Comment puis-je demander un délai supplémentaire pour le dépôt de mon mémoire pour raisons familiales ?,Scolarité
"Bonjour, comment demander une attestation de stage complémentaire une fois le stage déjà terminé et validé ?",Stages et alternance
"Bonjour, je constate que mon compte étudiant indique un statut inactif alors que je suis bien inscrit, pouvez-vous régulariser rapidement ?",Scolarité
"svp jaimerai proposer un partenariat entre notre asso lecture et la bibliotheque, qui contacter pour ca ?",Bibliothèque
"Pourriez-vous m'envoyer une attestation en anglais, mon employeur à l'étranger en a besoin pour finaliser mon contrat d'alternance.",Scolarité
VPN marche pas depuis ce matin,Informatique
"Bonjour, la carte étudiante permet-elle un accès prioritaire aux places pour les spectacles organisés sur le campus ?",Vie étudiante
svp est ce que je peux prolonger mon stage actuel de deux semaines ou faut refaire toute la convention,Stages et alternance
"voila g un dossier de bourse qui demande une attestation d'assiduité, vous pouvez me la faire ?",Scolarité
Comment se passe la validation du stage si l'entreprise ferme définitivement avant la fin de la période prévue ?,Stages et alternance
"L'intitulé de mon diplôme sur mon attestation provisoire ne correspond pas exactement à celui de la formation suivie, erreur de frappe je pense.",Scolarité
"Bonjour, quel est le délai pour candidater à un double diplôme international proposé par notre établissement ?",International
Comment demander à ce que notre événement associatif soit relayé sur les écrans d'affichage du campus ?,Vie étudiante
"svp comment on accede a la becane virtuelle pour le cours de cybersécurité, le lien fourni renvoie une erreur",Informatique
"Bonjour, suite à mon changement de filière en cours d'année, plusieurs éléments de mon dossier administratif semblent ne pas avoir été mis à jour correctement : mon emploi du temps affiche encore des cours de mon ancienne formation, et mon inscription pédagogique ne mentionne pas les nouvelles UE que je dois suivre. Pourriez-vous vérifier l'ensemble de ces points et me confirmer que tout est désormais en ordre avant la fin de la période d'inscription ?",Scolarité
"svp mon bail de residence se termine avant la fin de l'annee universitaire, comment ca se passe pour prolonger ?",Logement
"koi de neuf niveau elections du bureau des sports, c'est bientot ou c'est deja passé ?",Vie étudiante
"Bonjour, quelles sont les démarches pour accueillir un étudiant international dans notre programme de tutorat ?",International
"jarrive pas a me co, ça dit identifiants incorrects alors que jai pas changé mon mdp",Informatique
"Je dois m'inscrire à un cours optionnel mais il n'apparaît pas dans la liste, est-ce normal ?",Scolarité
on peut avoir une salle pour les réunions de notre asso ou il faut réserver super longtemps à l'avance ?,Vie étudiante
"Bonjour, ma carte étudiante ne fonctionne plus pour emprunter, le lecteur affiche carte non reconnue.",Bibliothèque
"svp jarrive pas a rejoindre le discord/teams du cours, le lien envoyé par le prof semble invalide",Informatique
jvoudrais prolonger le pret d'un livre mais le bouton sur le site fait rien quand je clique dessus,Bibliothèque
Comment obtenir un accès à distance au serveur de la fac pour lancer mes scripts qui prennent plusieurs heures ?,Informatique
"Bonjour, ma convocation indique une salle mais l'affichage à l'entrée du bâtiment indique une autre, laquelle est correcte ?",Scolarité
"Bonjour, existe-t-il un service d'accompagnement social pour les étudiants en grande difficulté financière ?",Finances et bourses
Comment demander un compte invité temporaire pour un intervenant extérieur qui vient présenter en cours ce vendredi ?,Informatique
Est-ce que le support informatique est disponible le week-end en cas de problème bloquant avant un rendu de projet ?,Informatique
svp jvoulais juste confirmer que le partiel de demain est bien maintenu malgré la grève des transports,Scolarité
"Pouvez-vous me confirmer l'heure exacte de l'épreuve de méthodologie de recherche, l'horaire sur mon planning est illisible.",Scolarité
"Bonjour, je souhaite signaler que je n'ai pas pu composer ce matin car la salle était fermée à l'heure prévue.",Scolarité
"Bonjour, comment accéder aux ressources documentaires en ligne depuis chez moi, j'ai un message d'accès refusé.",Bibliothèque
"svp le dossier de passerelle vers une autre université, c'est quel service qui s'en occupe exactement",Scolarité
"Bonjour, je souhaite candidater pour un semestre Erasmus l'année prochaine, quelle est la procédure à suivre ?",International
Pourriez-vous confirmer si les étudiants boursiers ont une priorité particulière pour le choix des créneaux de TD ?,Scolarité
"svp la liste des documents a fournir pour l'inscription en alternance, elle est ou exactement",Scolarité
"jai un macbook et la doc d'installation du vpn est faite que pour windows, quelqu'un a la version mac ?",Informatique
svp jai un message qui dit espace disque insuffisant en voulant sauvegarder mon projet sur le serveur commun,Informatique
Existe-t-il un système de parrainage entre étudiants de première et dernière année dans notre filière ?,Vie étudiante
"Je n'ai reçu aucune convocation pour les examens de janvier, est-ce normal à ce stade ?",Scolarité
svp c'est normal que g pas accès a mon planning d'examen sur l'appli alors que mes collegues si ?,Scolarité
